participant_ID,ID_label
PK-0001-2,PK-0001-2
PK-0001-2,PK-0001-2
PK-0001-2,PK-0001-2
PK-0001-2,PK-0001-2
PK-0001-2,PK-0001-2
PK-0002-0,PK-0002-0
PK-0002-0,PK-0002-0
PK-0002-0,PK-0002-0
PK-0002-0,PK-0002-0
PK-0002-0,PK-0002-0
PK-0003-8,PK-0003-8
PK-0003-8,PK-0003-8
PK-0003-8,PK-0003-8
PK-0003-8,PK-0003-8
PK-0003-8,PK-0003-8
PK-0004-6,PK-0004-6
PK-0004-6,PK-0004-6
PK-0004-6,PK-0004-6
PK-0004-6,PK-0004-6
PK-0004-6,PK-0004-6
PK-0005-3,PK-0005-3
PK-0005-3,PK-0005-3
PK-0005-3,PK-0005-3
PK-0005-3,PK-0005-3
PK-0005-3,PK-0005-3
PK-0006-1,PK-0006-1
PK-0006-1,PK-0006-1
PK-0006-1,PK-0006-1
PK-0006-1,PK-0006-1
PK-0006-1,PK-0006-1
PK-0007-9,PK-0007-9
PK-0007-9,PK-0007-9
PK-0007-9,PK-0007-9
PK-0007-9,PK-0007-9
PK-0007-9,PK-0007-9
PK-0008-7,PK-0008-7
PK-0008-7,PK-0008-7
PK-0008-7,PK-0008-7
PK-0008-7,PK-0008-7
PK-0008-7,PK-0008-7
PK-0009-5,PK-0009-5
PK-0009-5,PK-0009-5
PK-0009-5,PK-0009-5
PK-0009-5,PK-0009-5
PK-0009-5,PK-0009-5
PK-0010-3,PK-0010-3
PK-0010-3,PK-0010-3
PK-0010-3,PK-0010-3
PK-0010-3,PK-0010-3
PK-0010-3,PK-0010-3
PK-0011-1,PK-0011-1
PK-0011-1,PK-0011-1
PK-0011-1,PK-0011-1
PK-0011-1,PK-0011-1
PK-0011-1,PK-0011-1
PK-0012-9,PK-0012-9
PK-0012-9,PK-0012-9
PK-0012-9,PK-0012-9
PK-0012-9,PK-0012-9
PK-0012-9,PK-0012-9
PK-0013-7,PK-0013-7
PK-0013-7,PK-0013-7
PK-0013-7,PK-0013-7
PK-0013-7,PK-0013-7
PK-0013-7,PK-0013-7
PK-0014-5,PK-0014-5
PK-0014-5,PK-0014-5
PK-0014-5,PK-0014-5
PK-0014-5,PK-0014-5
PK-0014-5,PK-0014-5
PK-0015-2,PK-0015-2
PK-0015-2,PK-0015-2
PK-0015-2,PK-0015-2
PK-0015-2,PK-0015-2
PK-0015-2,PK-0015-2
PK-0016-0,PK-0016-0
PK-0016-0,PK-0016-0
PK-0016-0,PK-0016-0
PK-0016-0,PK-0016-0
PK-0016-0,PK-0016-0
PK-0017-8,PK-0017-8
PK-0017-8,PK-0017-8
PK-0017-8,PK-0017-8
PK-0017-8,PK-0017-8
PK-0017-8,PK-0017-8
PK-0018-6,PK-0018-6
PK-0018-6,PK-0018-6
PK-0018-6,PK-0018-6
PK-0018-6,PK-0018-6
PK-0018-6,PK-0018-6
PK-0019-4,PK-0019-4
PK-0019-4,PK-0019-4
PK-0019-4,PK-0019-4
PK-0019-4,PK-0019-4
PK-0019-4,PK-0019-4
PK-0020-2,PK-0020-2
PK-0020-2,PK-0020-2
PK-0020-2,PK-0020-2
PK-0020-2,PK-0020-2
PK-0020-2,PK-0020-2
PK-0021-0,PK-0021-0
PK-0021-0,PK-0021-0
PK-0021-0,PK-0021-0
PK-0021-0,PK-0021-0
PK-0021-0,PK-0021-0
PK-0022-8,PK-0022-8
PK-0022-8,PK-0022-8
PK-0022-8,PK-0022-8
PK-0022-8,PK-0022-8
PK-0022-8,PK-0022-8
PK-0023-6,PK-0023-6
PK-0023-6,PK-0023-6
PK-0023-6,PK-0023-6
PK-0023-6,PK-0023-6
PK-0023-6,PK-0023-6
PK-0024-4,PK-0024-4
PK-0024-4,PK-0024-4
PK-0024-4,PK-0024-4
PK-0024-4,PK-0024-4
PK-0024-4,PK-0024-4
PK-0025-1,PK-0025-1
PK-0025-1,PK-0025-1
PK-0025-1,PK-0025-1
PK-0025-1,PK-0025-1
PK-0025-1,PK-0025-1
PK-0026-9,PK-0026-9
PK-0026-9,PK-0026-9
PK-0026-9,PK-0026-9
PK-0026-9,PK-0026-9
PK-0026-9,PK-0026-9
PK-0027-7,PK-0027-7
PK-0027-7,PK-0027-7
PK-0027-7,PK-0027-7
PK-0027-7,PK-0027-7
PK-0027-7,PK-0027-7
PK-0028-5,PK-0028-5
PK-0028-5,PK-0028-5
PK-0028-5,PK-0028-5
PK-0028-5,PK-0028-5
PK-0028-5,PK-0028-5
PK-0029-3,PK-0029-3
PK-0029-3,PK-0029-3
PK-0029-3,PK-0029-3
PK-0029-3,PK-0029-3
PK-0029-3,PK-0029-3
PK-0030-1,PK-0030-1
PK-0030-1,PK-0030-1
PK-0030-1,PK-0030-1
PK-0030-1,PK-0030-1
PK-0030-1,PK-0030-1
PK-0031-9,PK-0031-9
PK-0031-9,PK-0031-9
PK-0031-9,PK-0031-9
PK-0031-9,PK-0031-9
PK-0031-9,PK-0031-9
PK-0032-7,PK-0032-7
PK-0032-7,PK-0032-7
PK-0032-7,PK-0032-7
PK-0032-7,PK-0032-7
PK-0032-7,PK-0032-7
PK-0033-5,PK-0033-5
PK-0033-5,PK-0033-5
PK-0033-5,PK-0033-5
PK-0033-5,PK-0033-5
PK-0033-5,PK-0033-5
PK-0034-3,PK-0034-3
PK-0034-3,PK-0034-3
PK-0034-3,PK-0034-3
PK-0034-3,PK-0034-3
PK-0034-3,PK-0034-3
PK-0035-0,PK-0035-0
PK-0035-0,PK-0035-0
PK-0035-0,PK-0035-0
PK-0035-0,PK-0035-0
PK-0035-0,PK-0035-0
PK-0036-8,PK-0036-8
PK-0036-8,PK-0036-8
PK-0036-8,PK-0036-8
PK-0036-8,PK-0036-8
PK-0036-8,PK-0036-8
PK-0037-6,PK-0037-6
PK-0037-6,PK-0037-6
PK-0037-6,PK-0037-6
PK-0037-6,PK-0037-6
PK-0037-6,PK-0037-6
PK-0038-4,PK-0038-4
PK-0038-4,PK-0038-4
PK-0038-4,PK-0038-4
PK-0038-4,PK-0038-4
PK-0038-4,PK-0038-4
PK-0039-2,PK-0039-2
PK-0039-2,PK-0039-2
PK-0039-2,PK-0039-2
PK-0039-2,PK-0039-2
PK-0039-2,PK-0039-2
PK-0040-0,PK-0040-0
PK-0040-0,PK-0040-0
PK-0040-0,PK-0040-0
PK-0040-0,PK-0040-0
PK-0040-0,PK-0040-0
PK-0041-8,PK-0041-8
PK-0041-8,PK-0041-8
PK-0041-8,PK-0041-8
PK-0041-8,PK-0041-8
PK-0041-8,PK-0041-8
PK-0042-6,PK-0042-6
PK-0042-6,PK-0042-6
PK-0042-6,PK-0042-6
PK-0042-6,PK-0042-6
PK-0042-6,PK-0042-6
PK-0043-4,PK-0043-4
PK-0043-4,PK-0043-4
PK-0043-4,PK-0043-4
PK-0043-4,PK-0043-4
PK-0043-4,PK-0043-4
PK-0044-2,PK-0044-2
PK-0044-2,PK-0044-2
PK-0044-2,PK-0044-2
PK-0044-2,PK-0044-2
PK-0044-2,PK-0044-2
PK-0045-9,PK-0045-9
PK-0045-9,PK-0045-9
PK-0045-9,PK-0045-9
PK-0045-9,PK-0045-9
PK-0045-9,PK-0045-9
PK-0046-7,PK-0046-7
PK-0046-7,PK-0046-7
PK-0046-7,PK-0046-7
PK-0046-7,PK-0046-7
PK-0046-7,PK-0046-7
PK-0047-5,PK-0047-5
PK-0047-5,PK-0047-5
PK-0047-5,PK-0047-5
PK-0047-5,PK-0047-5
PK-0047-5,PK-0047-5
PK-0048-3,PK-0048-3
PK-0048-3,PK-0048-3
PK-0048-3,PK-0048-3
PK-0048-3,PK-0048-3
PK-0048-3,PK-0048-3
PK-0049-1,PK-0049-1
PK-0049-1,PK-0049-1
PK-0049-1,PK-0049-1
PK-0049-1,PK-0049-1
PK-0049-1,PK-0049-1
PK-0050-9,PK-0050-9
PK-0050-9,PK-0050-9
PK-0050-9,PK-0050-9
PK-0050-9,PK-0050-9
PK-0050-9,PK-0050-9
PK-0051-7,PK-0051-7
PK-0051-7,PK-0051-7
PK-0051-7,PK-0051-7
PK-0051-7,PK-0051-7
PK-0051-7,PK-0051-7
PK-0052-5,PK-0052-5
PK-0052-5,PK-0052-5
PK-0052-5,PK-0052-5
PK-0052-5,PK-0052-5
PK-0052-5,PK-0052-5
PK-0053-3,PK-0053-3
PK-0053-3,PK-0053-3
PK-0053-3,PK-0053-3
PK-0053-3,PK-0053-3
PK-0053-3,PK-0053-3
PK-0054-1,PK-0054-1
PK-0054-1,PK-0054-1
PK-0054-1,PK-0054-1
PK-0054-1,PK-0054-1
PK-0054-1,PK-0054-1
PK-0055-8,PK-0055-8
PK-0055-8,PK-0055-8
PK-0055-8,PK-0055-8
PK-0055-8,PK-0055-8
PK-0055-8,PK-0055-8
PK-0056-6,PK-0056-6
PK-0056-6,PK-0056-6
PK-0056-6,PK-0056-6
PK-0056-6,PK-0056-6
PK-0056-6,PK-0056-6
PK-0057-4,PK-0057-4
PK-0057-4,PK-0057-4
PK-0057-4,PK-0057-4
PK-0057-4,PK-0057-4
PK-0057-4,PK-0057-4
PK-0058-2,PK-0058-2
PK-0058-2,PK-0058-2
PK-0058-2,PK-0058-2
PK-0058-2,PK-0058-2
PK-0058-2,PK-0058-2
PK-0059-0,PK-0059-0
PK-0059-0,PK-0059-0
PK-0059-0,PK-0059-0
PK-0059-0,PK-0059-0
PK-0059-0,PK-0059-0
PK-0060-8,PK-0060-8
PK-0060-8,PK-0060-8
PK-0060-8,PK-0060-8
PK-0060-8,PK-0060-8
PK-0060-8,PK-0060-8
PK-0061-6,PK-0061-6
PK-0061-6,PK-0061-6
PK-0061-6,PK-0061-6
PK-0061-6,PK-0061-6
PK-0061-6,PK-0061-6
PK-0062-4,PK-0062-4
PK-0062-4,PK-0062-4
PK-0062-4,PK-0062-4
PK-0062-4,PK-0062-4
PK-0062-4,PK-0062-4
PK-0063-2,PK-0063-2
PK-0063-2,PK-0063-2
PK-0063-2,PK-0063-2
PK-0063-2,PK-0063-2
PK-0063-2,PK-0063-2
PK-0064-0,PK-0064-0
PK-0064-0,PK-0064-0
PK-0064-0,PK-0064-0
PK-0064-0,PK-0064-0
PK-0064-0,PK-0064-0
PK-0065-7,PK-0065-7
PK-0065-7,PK-0065-7
PK-0065-7,PK-0065-7
PK-0065-7,PK-0065-7
PK-0065-7,PK-0065-7
PK-0066-5,PK-0066-5
PK-0066-5,PK-0066-5
PK-0066-5,PK-0066-5
PK-0066-5,PK-0066-5
PK-0066-5,PK-0066-5
PK-0067-3,PK-0067-3
PK-0067-3,PK-0067-3
PK-0067-3,PK-0067-3
PK-0067-3,PK-0067-3
PK-0067-3,PK-0067-3
PK-0068-1,PK-0068-1
PK-0068-1,PK-0068-1
PK-0068-1,PK-0068-1
PK-0068-1,PK-0068-1
PK-0068-1,PK-0068-1
PK-0069-9,PK-0069-9
PK-0069-9,PK-0069-9
PK-0069-9,PK-0069-9
PK-0069-9,PK-0069-9
PK-0069-9,PK-0069-9
PK-0070-7,PK-0070-7
PK-0070-7,PK-0070-7
PK-0070-7,PK-0070-7
PK-0070-7,PK-0070-7
PK-0070-7,PK-0070-7
PK-0071-5,PK-0071-5
PK-0071-5,PK-0071-5
PK-0071-5,PK-0071-5
PK-0071-5,PK-0071-5
PK-0071-5,PK-0071-5
PK-0072-3,PK-0072-3
PK-0072-3,PK-0072-3
PK-0072-3,PK-0072-3
PK-0072-3,PK-0072-3
PK-0072-3,PK-0072-3
PK-0073-1,PK-0073-1
PK-0073-1,PK-0073-1
PK-0073-1,PK-0073-1
PK-0073-1,PK-0073-1
PK-0073-1,PK-0073-1
PK-0074-9,PK-0074-9
PK-0074-9,PK-0074-9
PK-0074-9,PK-0074-9
PK-0074-9,PK-0074-9
PK-0074-9,PK-0074-9
PK-0075-6,PK-0075-6
PK-0075-6,PK-0075-6
PK-0075-6,PK-0075-6
PK-0075-6,PK-0075-6
PK-0075-6,PK-0075-6
PK-0076-4,PK-0076-4
PK-0076-4,PK-0076-4
PK-0076-4,PK-0076-4
PK-0076-4,PK-0076-4
PK-0076-4,PK-0076-4
PK-0077-2,PK-0077-2
PK-0077-2,PK-0077-2
PK-0077-2,PK-0077-2
PK-0077-2,PK-0077-2
PK-0077-2,PK-0077-2
PK-0078-0,PK-0078-0
PK-0078-0,PK-0078-0
PK-0078-0,PK-0078-0
PK-0078-0,PK-0078-0
PK-0078-0,PK-0078-0
PK-0079-8,PK-0079-8
PK-0079-8,PK-0079-8
PK-0079-8,PK-0079-8
PK-0079-8,PK-0079-8
PK-0079-8,PK-0079-8
PK-0080-6,PK-0080-6
PK-0080-6,PK-0080-6
PK-0080-6,PK-0080-6
PK-0080-6,PK-0080-6
PK-0080-6,PK-0080-6
PK-0081-4,PK-0081-4
PK-0081-4,PK-0081-4
PK-0081-4,PK-0081-4
PK-0081-4,PK-0081-4
PK-0081-4,PK-0081-4
PK-0082-2,PK-0082-2
PK-0082-2,PK-0082-2
PK-0082-2,PK-0082-2
PK-0082-2,PK-0082-2
PK-0082-2,PK-0082-2
PK-0083-0,PK-0083-0
PK-0083-0,PK-0083-0
PK-0083-0,PK-0083-0
PK-0083-0,PK-0083-0
PK-0083-0,PK-0083-0
PK-0084-8,PK-0084-8
PK-0084-8,PK-0084-8
PK-0084-8,PK-0084-8
PK-0084-8,PK-0084-8
PK-0084-8,PK-0084-8
PK-0085-5,PK-0085-5
PK-0085-5,PK-0085-5
PK-0085-5,PK-0085-5
PK-0085-5,PK-0085-5
PK-0085-5,PK-0085-5
PK-0086-3,PK-0086-3
PK-0086-3,PK-0086-3
PK-0086-3,PK-0086-3
PK-0086-3,PK-0086-3
PK-0086-3,PK-0086-3
PK-0087-1,PK-0087-1
PK-0087-1,PK-0087-1
PK-0087-1,PK-0087-1
PK-0087-1,PK-0087-1
PK-0087-1,PK-0087-1
PK-0088-9,PK-0088-9
PK-0088-9,PK-0088-9
PK-0088-9,PK-0088-9
PK-0088-9,PK-0088-9
PK-0088-9,PK-0088-9
PK-0089-7,PK-0089-7
PK-0089-7,PK-0089-7
PK-0089-7,PK-0089-7
PK-0089-7,PK-0089-7
PK-0089-7,PK-0089-7
PK-0090-5,PK-0090-5
PK-0090-5,PK-0090-5
PK-0090-5,PK-0090-5
PK-0090-5,PK-0090-5
PK-0090-5,PK-0090-5
PK-0091-3,PK-0091-3
PK-0091-3,PK-0091-3
PK-0091-3,PK-0091-3
PK-0091-3,PK-0091-3
PK-0091-3,PK-0091-3
PK-0092-1,PK-0092-1
PK-0092-1,PK-0092-1
PK-0092-1,PK-0092-1
PK-0092-1,PK-0092-1
PK-0092-1,PK-0092-1
PK-0093-9,PK-0093-9
PK-0093-9,PK-0093-9
PK-0093-9,PK-0093-9
PK-0093-9,PK-0093-9
PK-0093-9,PK-0093-9
PK-0094-7,PK-0094-7
PK-0094-7,PK-0094-7
PK-0094-7,PK-0094-7
PK-0094-7,PK-0094-7
PK-0094-7,PK-0094-7
PK-0095-4,PK-0095-4
PK-0095-4,PK-0095-4
PK-0095-4,PK-0095-4
PK-0095-4,PK-0095-4
PK-0095-4,PK-0095-4
PK-0096-2,PK-0096-2
PK-0096-2,PK-0096-2
PK-0096-2,PK-0096-2
PK-0096-2,PK-0096-2
PK-0096-2,PK-0096-2
PK-0097-0,PK-0097-0
PK-0097-0,PK-0097-0
PK-0097-0,PK-0097-0
PK-0097-0,PK-0097-0
PK-0097-0,PK-0097-0
PK-0098-8,PK-0098-8
PK-0098-8,PK-0098-8
PK-0098-8,PK-0098-8
PK-0098-8,PK-0098-8
PK-0098-8,PK-0098-8
PK-0099-6,PK-0099-6
PK-0099-6,PK-0099-6
PK-0099-6,PK-0099-6
PK-0099-6,PK-0099-6
PK-0099-6,PK-0099-6
